{"schemaVersion":"1.0","appDefinitionTemplate":{"id":"/providers/Microsoft.PowerApps/apps/","type":"Microsoft.PowerApps/apps","tags":{"primaryDeviceWidth":"1366","primaryDeviceHeight":"768","supportsPortrait":"true","supportsLandscape":"true","primaryFormFactor":"Tablet","publisherVersion":"3.23122.17","minimumRequiredApiVersion":"2.2.0","hasComponent":"true","hasUnlockedComponent":"true","isUnifiedRootApp":"false","sienaVersion":"20231228T001952Z-3.23122.17.0","showStatusBar":"false","offlineLargeFilesSupport":"false"},"properties":{"appVersion":"2023-12-28T00:19:52Z","lifeCycleId":"Published","createdByClientVersion":{"major":3,"minor":23122,"build":17,"revision":0,"majorRevision":0,"minorRevision":0},"minClientVersion":{"major":3,"minor":23122,"build":17,"revision":0,"majorRevision":0,"minorRevision":0},"backgroundColor":"rgba(255, 255, 255, 1)","backgroundImageUri":"/5079323323082185675/N8c636eca-390f-4f8c-8c3c-6f56a60bb830-logoSmallFile","displayName":"DarkMode","description":"Completed","commitMessage":"","appUris":{"documentUri":{"value":"/5079323323082185675/Nfa039dda-c79b-42a8-9e42-23cf9a883151-document.msapp"},"imageUris":[],"additionalUris":[{"isSolutionAware":false,"value":"/5079323323082185675/N4e25c5b4-614d-46f6-ae70-7cf65eaf74fd-identity.json"}]},"createdTime":"0001-01-01T00:00:00Z","lastModifiedTime":"0001-01-01T00:00:00Z","sharedGroupsCount":0,"sharedUsersCount":0,"connectionReferences":{},"databaseReferences":{},"almMode":"Environment","performanceOptimizationEnabled":true,"canConsumeAppPass":true,"enableModernRuntimeMode":false,"executionRestrictions":{"isTeamsOnly":false,"dataLossPreventionEvaluationResult":{"status":"Compliant","lastEvaluationDate":"2023-12-13T23:40:37.0530832Z","violations":[],"violationsByPolicy":[],"violationErrorMessage":"The app uses the following connectors: shared_office365users, shared_office365, shared_sharepointonline, shared_logicflows, shared_azuread."},"httpActionRestriction":{"appUsesSharepointHttpAction":false,"enforcementStrategy":"Legacy","evaluationTime":"2023-12-13T23:40:37.0530094Z"}}},"appType":"ClassicCanvasApp","appComponents":[]}}