{"schemaVersion":"1.0","appDefinitionTemplate":{"id":"/providers/Microsoft.PowerApps/apps/","type":"Microsoft.PowerApps/apps","tags":{"primaryDeviceWidth":"622","primaryDeviceHeight":"799","supportsPortrait":"true","supportsLandscape":"true","primaryFormFactor":"Tablet","publisherVersion":"3.23122.17","minimumRequiredApiVersion":"2.2.0","hasComponent":"true","hasUnlockedComponent":"true","isUnifiedRootApp":"false","sienaVersion":"20231229T160254Z-3.23122.17.0","showStatusBar":"false","offlineLargeFilesSupport":"false"},"properties":{"appVersion":"2023-12-29T16:02:54Z","lifeCycleId":"Published","createdByClientVersion":{"major":3,"minor":23122,"build":17,"revision":0,"majorRevision":0,"minorRevision":0},"minClientVersion":{"major":3,"minor":23122,"build":17,"revision":0,"majorRevision":0,"minorRevision":0},"backgroundColor":"rgba(255, 255, 255, 1)","backgroundImageUri":"/496102203412111298/N0e764d9a-ed0f-47ef-93f1-3686729fd4ee-logoSmallFile","displayName":"SVG Icons","description":"SVG Icon Updated","commitMessage":"","appUris":{"documentUri":{"value":"/496102203412111298/N648932ff-9af4-456e-bfa3-b9b0afcce8a1-document.msapp"},"imageUris":[],"additionalUris":[{"isSolutionAware":false,"value":"/496102203412111298/N840b1c66-b0e3-4948-a409-67ac9a71464f-identity.json"}]},"createdTime":"0001-01-01T00:00:00Z","lastModifiedTime":"0001-01-01T00:00:00Z","sharedGroupsCount":0,"sharedUsersCount":0,"connectionReferences":{},"databaseReferences":{},"almMode":"Environment","performanceOptimizationEnabled":true,"canConsumeAppPass":true,"enableModernRuntimeMode":false,"executionRestrictions":{"isTeamsOnly":false,"dataLossPreventionEvaluationResult":{"status":"Compliant","lastEvaluationDate":"2023-12-13T23:40:37.0530832Z","violations":[],"violationsByPolicy":[],"violationErrorMessage":"The app uses the following connectors: shared_office365users, shared_office365, shared_sharepointonline, shared_logicflows, shared_azuread."},"httpActionRestriction":{"appUsesSharepointHttpAction":false,"enforcementStrategy":"Legacy","evaluationTime":"2023-12-13T23:40:37.0530094Z"}}},"appType":"ClassicCanvasApp","appComponents":[]}}