{"schemaVersion":"1.0","appDefinitionTemplate":{"id":"/providers/Microsoft.PowerApps/apps/","type":"Microsoft.PowerApps/apps","tags":{"primaryDeviceWidth":"2326","primaryDeviceHeight":"756","supportsPortrait":"true","supportsLandscape":"true","primaryFormFactor":"Tablet","publisherVersion":"3.23122.17","minimumRequiredApiVersion":"2.2.0","hasComponent":"true","hasUnlockedComponent":"true","isUnifiedRootApp":"false","sienaVersion":"20231228T223513Z-3.23122.17.0","showStatusBar":"false","offlineLargeFilesSupport":"false"},"properties":{"appVersion":"2023-12-28T22:35:13Z","lifeCycleId":"Published","createdByClientVersion":{"major":3,"minor":23122,"build":17,"revision":0,"majorRevision":0,"minorRevision":0},"minClientVersion":{"major":3,"minor":23122,"build":17,"revision":0,"majorRevision":0,"minorRevision":0},"backgroundColor":"rgba(255, 255, 255, 1)","backgroundImageUri":"/10539099021718256539/Nf732c47d-c8fc-4e92-b967-8bc9a7ddebf1-logoSmallFile","displayName":"Custom Theme","description":"theme completed","commitMessage":"Save app with description provided in publish dialog.","appUris":{"documentUri":{"value":"/10539099021718256539/Neab02bd7-3ae0-405a-9262-3ce8a2bc521d-document.msapp"},"imageUris":[],"additionalUris":[{"isSolutionAware":false,"value":"/10539099021718256539/N1feaf7a5-89a0-40af-91d1-f4f3ce96485a-identity.json"}]},"createdTime":"0001-01-01T00:00:00Z","lastModifiedTime":"0001-01-01T00:00:00Z","sharedGroupsCount":0,"sharedUsersCount":0,"connectionReferences":{},"databaseReferences":{},"almMode":"Environment","performanceOptimizationEnabled":true,"canConsumeAppPass":true,"enableModernRuntimeMode":false,"executionRestrictions":{"isTeamsOnly":false,"dataLossPreventionEvaluationResult":{"status":"Compliant","lastEvaluationDate":"2023-02-18T16:17:59.8591268Z","violations":[],"violationsByPolicy":[],"violationErrorMessage":"The app uses the following connectors: shared_office365users, shared_office365."}}},"appType":"ClassicCanvasApp","appComponents":[]}}